Name;IRI ShortForm;IRI Namespace;Perception Id;Description
AbrasiveSponge;suturo:'AbrasiveSponge';http://www.ease-crc.org/ont/SUTURO.owl#;46;An abrasive sponge is a cleaning tool designed to scrub away tough dirt and grime from surfaces using its rough, abrasive surface. It is typically made from materials such as nylon, polyester, or natural fibers, and is commonly used in the kitchen and bathroom for cleaning dishes, pots, pans, and other surfaces.
AdjustableWrench;suturo:'AdjustableWrench';http://www.ease-crc.org/ont/SUTURO.owl#;;An adjustable wrench is a hand-held tool with a movable jaw that can be adjusted to fit nuts, bolts, and other objects of different sizes, used for turning or tightening them.
Apple;suturo:'Apple';http://www.ease-crc.org/ont/SUTURO.owl#;66;An apple is a round or oval-shaped fruit with a red, green, or yellow skin, a crisp, juicy flesh, and a core with seeds in the center.
Appliance;soma:'Appliance';http://www.ease-crc.org/ont/SOMA.owl#;;A device designed to perform a specific task, and that can be operated in some way.
Arena;suturo:'Arena';http://www.ease-crc.org/ont/SUTURO.owl#;;The whole arena where the robot is normally allowed to move.
Arm;soma:'Arm';http://www.ease-crc.org/ont/SOMA.owl#;;A limb used to reach for objects.
Armchair;soma:'Armchair';http://www.ease-crc.org/ont/SOMA.owl#;;A more comfortable chair that includes sides to support arms.
ArtificialAgent;soma:'ArtificialAgent';http://www.ease-crc.org/ont/SOMA.owl#;;A physical object with artificial characteristics, which can perform actions to achieve desired goals, and typically has sensors and/or actuators. There can be non-physical artificial agents such as software programs but they are not considered here in the scope of artificial agent.
Bag;suturo:'Bag';http://www.ease-crc.org/ont/SUTURO.owl#;69;A bag is a container made of flexible or rigid materials, such as cloth, paper, or plastic, used to store or transport objects. It often has an opening at the top and can be closed with a zipper, button, or other fastening mechanism. Bags come in a variety of shapes and sizes and are used for a wide range of purposes, from carrying groceries and books to holding personal belongings when traveling.
BakedGood;soma:'BakedGood';http://www.ease-crc.org/ont/SOMA.owl#;;Baked goods are food items made by cooking or baking ingredients such as flour, sugar, eggs, and butter, resulting in a wide variety of products like bread, pastries, cakes, and cookies. They are typically characterized by their fluffy or crispy texture, and they are enjoyed as snacks or desserts.
Ball;suturo:'Ball';http://www.ease-crc.org/ont/SUTURO.owl#;;A ball is a spherical object typically used in sports, games, or as a toy, made from various materials and usually bounced, thrown, or kicked.
Banana;suturo:'Banana';http://www.ease-crc.org/ont/SUTURO.owl#;77;A banana is a long, curved fruit with a yellow skin that is easy to peel, a soft, sweet flesh, and small seeds inside.
Baseball;suturo:'Baseball';http://www.ease-crc.org/ont/SUTURO.owl#;12;A baseball is a ball used in the sport of baseball, made of cork or rubber, and covered with leather or synthetic materials, and is roughly the size of an adult's fist.
Bed;suturo:'Bed';http://www.ease-crc.org/ont/SUTURO.owl#;;A bed is a piece of furniture for sleeping or resting on that typically includes a mattress and a frame.
Bedroom;suturo:'Bedroom';http://www.ease-crc.org/ont/SUTURO.owl#;;A bedroom is a private space within a dwelling primarily used for sleeping and relaxation. It typically contains a bed, storage for personal belongings, and may include additional furniture such as a dresser or nightstand.
BedsideTable;soma:'BedsideTable';http://www.ease-crc.org/ont/SOMA.owl#;;A small table typically located next to a bed.
BiologicalObject;dul:'BiologicalObject';http://www.ontologydesignpatterns.org/ont/dul/DUL.owl#;;A biological object refers to any living entity, organism, or part thereof that is associated with biological systems or processes. It encompasses a wide range of living things, including plants, animals, microorganisms, cells, tissues, organs, and biological molecules, and is a fundamental concept in the field of biology.
Blade;soma:'Blade';http://www.ease-crc.org/ont/SOMA.owl#;;A flat cutting edge of an object used to cut through other objects, such as the blade of a ventilator cutting through the air.
BlankCreditCard;suturo:'BlankCreditCard';http://www.ease-crc.org/ont/SUTURO.owl#;;A blank credit card is a standard-size rectangular piece of plastic with no personal or financial information embossed or encoded on it, used as a blank template for creating customized credit, debit, or ID cards.
BleachCleanserBottle;suturo:'BleachCleanserBottle';http://www.ease-crc.org/ont/SUTURO.owl#;8;A bleach cleanser bottle is a container designed to hold a cleaning solution that contains bleach, a powerful disinfectant and stain remover. It typically has a nozzle or cap that dispenses the solution in a controlled manner to effectively clean and sanitize surfaces.
Block;suturo:'Block';http://www.ease-crc.org/ont/SUTURO.owl#;;A block is a solid piece of hard material, such as wood, stone or metal, that is used as a construction material, as a support or to hold other objects.
Bolt;suturo:'Bolt';http://www.ease-crc.org/ont/SUTURO.owl#;;A bolt is a cylindrical or cone-shaped metal fastener with a threaded end used for securing two objects together, often requiring a nut and washer to hold it in place.
Book;suturo:'Book';http://www.ease-crc.org/ont/SUTURO.owl#;;A book is a written or printed work consisting of pages bound together, typically containing a story, information, or other forms of expression.
Bookcase;suturo:'Bookcase';http://www.ease-crc.org/ont/SUTURO.owl#;;A bookcase is a piece of furniture with horizontal shelves used to store books.
Bottle;soma:'Bottle';http://www.ease-crc.org/ont/SOMA.owl#;42;A container with a narrow neck used to store fluids.
Bowl;soma:'Bowl';http://www.ease-crc.org/ont/SOMA.owl#;29;A round, deep object used to contain food or liquid.
Box;soma:'Box';http://www.ease-crc.org/ont/SOMA.owl#;;A cuboid-shaped container.
BoxLid;suturo:'BoxLid';http://www.ease-crc.org/ont/SUTURO.owl#;;A box lid is a removable cover that fits over the top of a box, providing protection and keeping the contents secure.
Bread;soma:'Bread';http://www.ease-crc.org/ont/SOMA.owl#;;Bread is a staple food made from a dough of flour, water, and yeast or other leavening agents, which is then baked. It is known for its characteristic crust and soft interior, and it comes in various shapes and sizes, serving as a versatile food item for sandwiches, toasts, or enjoyed on its own. In European cuisine, pancakes refer to thin and flat cakes made from a batter of flour, eggs, and milk or buttermilk. They are usually larger and thinner than American-style pancakes and are commonly enjoyed with sweet or savory fillings, such as jam, Nutella, cheese, or vegetables.
BreadKnife;soma:'BreadKnife';http://www.ease-crc.org/ont/SOMA.owl#;;A knife to cut bread.
BreakfastPlate;soma:'BreakfastPlate';http://www.ease-crc.org/ont/SOMA.owl#;;A smaller plate used for serving bread at the dining table with the main meal or to serve breakfast.
Building;soma:'Building';http://www.ease-crc.org/ont/SOMA.owl#;;A structure with a roof and walls.
Can;suturo:'Can';http://www.ease-crc.org/ont/SUTURO.owl#;;A can is a cylindrical container usually made of metal or aluminum, used for storing food, beverages, or other products.
Carafe;soma:'Carafe';http://www.ease-crc.org/ont/SOMA.owl#;;A container used to hold and pour some beverage.
Ceiling;soma:'Ceiling';http://www.ease-crc.org/ont/SOMA.owl#;;The upper interior surface of a room.
CeramicCooktop;soma:'CeramicCooktop';http://www.ease-crc.org/ont/SOMA.owl#;;A cooktop that uses heated ceramic elements.
Cereal;suturo:'Cereal';http://www.ease-crc.org/ont/SUTURO.owl#;;Cereal is a type of food made from processed grains that is typically eaten for breakfast.
CerealBowl;suturo:'CerealBowl';http://www.ease-crc.org/ont/SUTURO.owl#;;A cereal bowl is a deep dish used for serving breakfast cereal with milk.
CerealBox;soma:'CerealBox';http://www.ease-crc.org/ont/SOMA.owl#;55;A box which holds, or at least is intended to usually hold, cereal flakes.
CerealBoxRoboCup;suturo:'CerealBoxRoboCup';http://www.ease-crc.org/ont/SUTURO.owl#;89;CerealBoxRoboCup
Chain;suturo:'Chain';http://www.ease-crc.org/ont/SUTURO.owl#;;A chain is a series of metal links or rings, typically made of steel or other metals, connected together to form a flexible, strong, and durable tool for lifting, towing, securing, or transmitting power.
CheezItCrackerBox;suturo:'CheezItCrackerBox';http://www.ease-crc.org/ont/SUTURO.owl#;;A box containing, or at least intended to contain, Cheeze-It brand crackers. A cracker is a flat, dry-baked pastry, usually made from flour.
ChemicalObject;dul:'ChemicalObject';http://www.ontologydesignpatterns.org/ont/dul/DUL.owl#;;ChemicalObject
ChipsCan;suturo:'ChipsCan';http://www.ease-crc.org/ont/SUTURO.owl#;;Chips can refers to a cylindrical container that holds potato chips.
Clamp;suturo:'Clamp';http://www.ease-crc.org/ont/SUTURO.owl#;103;A clamp is a mechanical device with two jaws that can be adjusted to hold an object in place, used for woodworking, metalworking, and other types of manual work.
CleaningTool;suturo:'CleaningTool';http://www.ease-crc.org/ont/SUTURO.owl#;;A cleaning tool is an instrument used for cleaning or scrubbing surfaces.
CleanserBottle;suturo:'CleanserBottle';http://www.ease-crc.org/ont/SUTURO.owl#;;A container typically made of plastic or glass that holds cleaning products such as liquid soap, bleach, or other household chemicals.
ClearBox;suturo:'ClearBox';http://www.ease-crc.org/ont/SUTURO.owl#;;A clear box is a transparent container made of plastic, glass, or other clear materials, designed to hold and display objects while keeping them visible and protected.
CoatRack;suturo:'CoatRack';http://www.ease-crc.org/ont/SUTURO.owl#;;A coat rack is a free-standing or wall-mounted piece of furniture that is designed to hold coats, hats, scarves, and other outerwear.
CocoaBox;suturo:'CocoaBox';http://www.ease-crc.org/ont/SUTURO.owl#;;A cocoa box is a container, usually made of cardboard, metal, or plastic, designed to store and dispense cocoa powder. It often features a resealable lid or cap to maintain the freshness of the cocoa and prevent moisture from entering, and is valued for its ease of storage and use in household kitchens.
Coffee;suturo:'Coffee';http://www.ease-crc.org/ont/SUTURO.owl#;;Coffee is a beverage made by brewing roasted coffee beans, which come from the fruit of the Coffea plant. It is a popular drink worldwide, known for its stimulating effects due to its caffeine content, and can be served hot or cold in a variety of preparations.
CoffeeCan;suturo:'CoffeeCan';http://www.ease-crc.org/ont/SUTURO.owl#;62;A coffee can is a cylindrical container typically made of metal or plastic, used for storing and transporting coffee or other dry goods.
CoffeeCarafe;soma:'CoffeeCarafe';http://www.ease-crc.org/ont/SOMA.owl#;;A carafe which holds, or at least is intended to usually hold, coffee.
CoffeePack;suturo:'CoffeePack';http://www.ease-crc.org/ont/SUTURO.owl#;31;A coffee pack typically refers to a package containing ground coffee or coffee beans used for making coffee, usually in a drip coffee maker, espresso machine, or French press. The packaging is designed to keep the coffee fresh and flavorful, and often includes information on the type of roast, flavor profile, and origin of the coffee.
CoffeeTable;soma:'CoffeeTable';http://www.ease-crc.org/ont/SOMA.owl#;;A small and low table which is typically used as a shelf for small items such as cups, and located in front of a sofa.
CoilCooktop;soma:'CoilCooktop';http://www.ease-crc.org/ont/SOMA.owl#;;A cooktop that uses heated metal coils.
ColaCan;suturo:'ColaCan';http://www.ease-crc.org/ont/SUTURO.owl#;83;A cola can is a small, cylindrical container, often made of aluminum, used for holding and distributing carbonated soft drinks, particularly cola. It features a pull-tab or stay-on-tab at the top for easy opening and consumption, and is popular for its portability and recyclability.
ColoredWoodBlock;suturo:'ColoredWoodBlock';http://www.ease-crc.org/ont/SUTURO.owl#;;Colored wood blocks are toys that consist of various sized wooden blocks that are painted in different colors and shapes for children to play with.
Compartment;soma:'Compartment';http://www.ease-crc.org/ont/SOMA.owl#;;A compartment is a distinct, enclosed space within a larger structure or system, often used to separate or organize different components or elements. It helps to compartmentalize and manage complex systems by providing a segregated environment for specific functions or entities.
Condiment;suturo:'Condiment';http://www.ease-crc.org/ont/SUTURO.owl#;;A condiment is a food item, typically a sauce or seasoning, that is used to enhance the flavor of other foods. Examples of condiments include ketchup, mustard, mayonnaise, soy sauce, and hot sauce.
ContinuousJoint;soma:'ContinuousJoint';http://www.ease-crc.org/ont/SOMA.owl#;;A continuous hinge joint that rotates around an axis and has no upper and lower limits.
ContinuousJoint;urdf:'ContinuousJoint';http://knowrob.org/kb/urdf.owl#;;a continuous hinge joint that rotates around the axis and has no upper and lower limits.
Cookie;suturo:'Cookie';http://www.ease-crc.org/ont/SUTURO.owl#;;Cookies are baked sweet treats that are typically small, flat, and round in shape, and can be crispy, chewy, or soft. They are made from a dough that typically contains flour, sugar, eggs, and butter or oil, and can be flavored with ingredients such as chocolate chips, nuts, or spices.
CookieBox;suturo:'CookieBox';http://www.ease-crc.org/ont/SUTURO.owl#;;A cookie box is a container made of cardboard or other materials that is used to store and transport cookies. It usually has a lid that can be opened and closed for easy access to the cookies inside.
CookieMix;suturo:'CookieMix';http://www.ease-crc.org/ont/SUTURO.owl#;;A cookie mix is a pre-made dry mix that typically contains flour, sugar, baking powder or soda, and sometimes additional flavorings or ingredients such as chocolate chips, nuts, or dried fruit. It is used to make cookie dough quickly and easily by adding liquid ingredients such as eggs, butter, or oil, and can be baked into a variety of cookie shapes and flavors.
Cooktop;soma:'Cooktop';http://www.ease-crc.org/ont/SOMA.owl#;;A typically circular surface where food is cooked.
CornyBox;suturo:'CornyBox';http://www.ease-crc.org/ont/SUTURO.owl#;106;"A box that contains cereal bars named ""corny"""
Countertop;soma:'Countertop';http://www.ease-crc.org/ont/SOMA.owl#;;A flat surface for working on.
CrackerBox;suturo:'CrackerBox';http://www.ease-crc.org/ont/SUTURO.owl#;10;A box containing, or at least intended to contain, crackers. A cracker is a flat, dry-baked pastry, usually made from flour.
CreditCard;suturo:'CreditCard';http://www.ease-crc.org/ont/SUTURO.owl#;;A credit card is a standard-size rectangular piece of plastic. It is a payment card that allows the cardholder to borrow funds from a financial institution to make purchases and pay them back with interest over time.
Crockery;soma:'Crockery';http://www.ease-crc.org/ont/SOMA.owl#;;An object designed to contain food to store, cook, eat, or serve it.
Cup;soma:'Cup';http://www.ease-crc.org/ont/SOMA.owl#;53;A round shaped container used for storing liquid and drinking out of it, typically has  a handle for grasping.
CupBlue;suturo:'CupBlue';http://www.ease-crc.org/ont/SUTURO.owl#;94;CupBlue
CupGreen;suturo:'CupGreen';http://www.ease-crc.org/ont/SUTURO.owl#;95;CupGreen
CupSmall;suturo:'CupSmall';http://www.ease-crc.org/ont/SUTURO.owl#;101;CupSmall
Cupboard;soma:'Cupboard';http://www.ease-crc.org/ont/SOMA.owl#;3;A cupboard is a piece of furniture used for storage, typically in the kitchen or dining room, and often used for storing dishes, glassware, and food items. It can come in various shapes and sizes, ranging from small wall-mounted cabinets to larger standalone units with multiple shelves and compartments.
Customer;suturo:'Customer';http://www.ease-crc.org/ont/SUTURO.owl#;;A customer is a person, whose name we know.
Customer_ID;suturo:'Customer_ID';http://www.ease-crc.org/ont/SUTURO.owl#;;An id for every customer we meet.
Cutlery;soma:'Cutlery';http://www.ease-crc.org/ont/SOMA.owl#;;Cutlery refers to utensils used for eating or serving food such as forks, knives, spoons, and serving spoons.
CuttingTool;soma:'CuttingTool';http://www.ease-crc.org/ont/SOMA.owl#;;A cutting tool is an instrument or machine used for cutting, shaping, or removing material.
DesignedArtifact;dul:'DesignedArtifact';http://www.ontologydesignpatterns.org/ont/dul/DUL.owl#;;A PhysicalArtifact that is also described by a Design. This excludes simple recycling or refunctionalization of natural objects. Most common sense 'artifacts' can be included in this class: cars, lamps, houses, chips, etc.
DesignedChair;soma:'DesignedChair';http://www.ease-crc.org/ont/SOMA.owl#;2;A piece of furniture designed for one person to sit on.
DesignedComponent;soma:'DesignedComponent';http://www.ease-crc.org/ont/SOMA.owl#;;An object designed to be part or element of a larger whole.
DesignedContainer;soma:'DesignedContainer';http://www.ease-crc.org/ont/SOMA.owl#;;An item designed to be able to hold some other items, preventing their free movement and/or protecting them from outside influence. Containers may be used for storage, or to obtain control over items that are otherwise hard to manipulate directly (e.g. liquids).
DesignedFabric;suturo:'DesignedFabric';http://www.ease-crc.org/ont/SUTURO.owl#;;Fabric is a flexible, woven material consisting of a network of natural or artificial fibers, often used for making clothing and other textile products.
DesignedFurniture;soma:'DesignedFurniture';http://www.ease-crc.org/ont/SOMA.owl#;;An object used to make a room or building suitable for living or working.
DesignedHandle;soma:'DesignedHandle';http://www.ease-crc.org/ont/SOMA.owl#;15;An item designed to fit well within a grasping hand, often attached to another item to enhance its manipulability.
DesignedSpade;soma:'DesignedSpade';http://www.ease-crc.org/ont/SOMA.owl#;;A sharp-edged metal blade used for digging or cutting.
DesignedSubstance;dul:'DesignedSubstance';http://www.ontologydesignpatterns.org/ont/dul/DUL.owl#;;DesignedSubstance
DesignedTool;soma:'DesignedTool';http://www.ease-crc.org/ont/SOMA.owl#;;An item designed to enable some action, in which it will play an instrumental role.
DessertFork;soma:'DessertFork';http://www.ease-crc.org/ont/SOMA.owl#;;A smallar fork for eating desserts e.g. cake.
Dice;suturo:'Dice';http://www.ease-crc.org/ont/SUTURO.owl#;54;Dice are small, cube-shaped objects with markings on each face, typically used in games of chance and gambling, to generate random numbers, or for other recreational purposes.
DiningTable;suturo:'DiningTable';http://www.ease-crc.org/ont/SUTURO.owl#;;A table mainly used for dining. Often placed inside of a living room.
DinnerPlate;soma:'DinnerPlate';http://www.ease-crc.org/ont/SOMA.owl#;;A regular size plate for eating a main meals.
Dish;soma:'Dish';http://www.ease-crc.org/ont/SOMA.owl#;;A dish is a prepared food item that is usually cooked and served on a plate, bowl, or platter.
Dishwasher;soma:'Dishwasher';http://www.ease-crc.org/ont/SOMA.owl#;22;An appliance for washing dishes and cutlery automatically.
DishwasherTab;soma:'DishwasherTab';http://www.ease-crc.org/ont/SOMA.owl#;49;A solid detergent inserted into dishwashers.
DishwasherTray;suturo:'DishwasherTray';http://www.ease-crc.org/ont/SUTURO.owl#;;A dishwasher tray is a removable component in a dishwasher that holds dishes, glasses, and utensils during the washing cycle. It is designed with compartments and prongs to securely position and separate items for efficient cleaning.
Dispenser;soma:'Dispenser';http://www.ease-crc.org/ont/SOMA.owl#;;A small container used to store and serve some flavoring substance for a dish or beverage.
DominoSugarBox;suturo:'DominoSugarBox';http://www.ease-crc.org/ont/SUTURO.owl#;;A box containing, or at least usually intended to contain, Domino brand sugar.
Door;soma:'Door';http://www.ease-crc.org/ont/SOMA.owl#;20;A hinged, sliding, or revolving barrier at the entrance to a building, room, or vehicle, or in the frame of a cupboard.
Drawer;soma:'Drawer';http://www.ease-crc.org/ont/SOMA.owl#;60;A storage compartment without a lid, made to slide horizontally in and out of a piece of furniture.
Drink;suturo:'Drink';http://www.ease-crc.org/ont/SUTURO.owl#;;A drink is a liquid that is consumed for the purpose of quenching thirst, providing hydration, or for enjoyment. Drinks can be alcoholic or non-alcoholic and can be served hot or cold, and come in a wide variety of flavors and types.
ElectricCooktop;soma:'ElectricCooktop';http://www.ease-crc.org/ont/SOMA.owl#;;A cooktop that uses electricity for heating.
Fastener;suturo:'Fastener';http://www.ease-crc.org/ont/SUTURO.owl#;;A fastener is a hardware device used to join two or more objects together, allowing for the creation of non-permanent joints that can be easily removed or disassembled.
Finger;soma:'Finger';http://www.ease-crc.org/ont/SOMA.owl#;;A limb used for grasping objects.
Fish;suturo:'Fish';http://www.ease-crc.org/ont/SUTURO.owl#;;Fish are aquatic animals that are found in oceans, rivers, lakes, and other bodies of water. They come in a variety of shapes, sizes, and colors and are an important food source for humans and many other animals.
FixedJoint;soma:'FixedJoint';http://www.ease-crc.org/ont/SOMA.owl#;;A joint that cannot move, designed to fixiate links.
FixedJoint;urdf:'FixedJoint';http://knowrob.org/kb/urdf.owl#;;A joint that cannot move, designed to fixiate links.
FlatScrewdriver;suturo:'FlatScrewdriver';http://www.ease-crc.org/ont/SUTURO.owl#;;A flat screwdriver is a hand tool characterized by a flat and narrow blade with a tip that fits into slotted screw heads. It is used for turning or tightening screws that have a single straight slot, commonly found in various mechanical and household applications.
FloatingJoint;soma:'FloatingJoint';http://www.ease-crc.org/ont/SOMA.owl#;;A joint that allows motion for all 6 degrees of freedom.
FloatingJoint;urdf:'FloatingJoint';http://knowrob.org/kb/urdf.owl#;;A joint that allows motion for all 6 degrees of freedom.
Floor;soma:'Floor';http://www.ease-crc.org/ont/SOMA.owl#;;The lower interior surface of a room.
Fluid;soma:'Fluid';http://www.ease-crc.org/ont/SOMA.owl#;;A substance with a consistency such that it can flow or diffuse.
FoamBrick;suturo:'FoamBrick';http://www.ease-crc.org/ont/SUTURO.owl#;4;A foam brick is a soft, rectangular block made of foam, used for support or cushioning, often in sports or fitness activities.
Food;suturo:'Food';http://www.ease-crc.org/ont/SUTURO.owl#;;Food refers to any substance consumed by living organisms that provide nutritional support for the body's growth, development, and maintenance.
Footlocker;suturo:'Footlocker';http://www.ease-crc.org/ont/SUTURO.owl#;;A type of storage trunk used to hold clothing and other personal items.
ForceConcentratingTool;suturo:'ForceConcentratingTool';http://www.ease-crc.org/ont/SUTURO.owl#;;Force-concentrating tools are hand tools designed to concentrate a force onto a small area to enable the user to exert a greater amount of force than would otherwise be possible.
Fork;soma:'Fork';http://www.ease-crc.org/ont/SOMA.owl#;5;Cutlery with two or more prongs used for lifting food to the mouth or holding it when cutting.
FreezerCompartment;soma:'FreezerCompartment';http://www.ease-crc.org/ont/SOMA.owl#;;A freezer compartment used to regulate the temperature of contained objects to a value below zero degree Celsius.
FrenchsYellowMustardBottle;suturo:'FrenchsYellowMustardBottle';http://www.ease-crc.org/ont/SUTURO.owl#;;French's Mustard bottle refers to a squeezable container that dispenses French's brand of yellow mustard.
Fruit;suturo:'Fruit';http://www.ease-crc.org/ont/SUTURO.owl#;;Fruit is the sweet and fleshy product of a tree or other plant that contains seed and can be eaten as food.
FunctionalPart;soma:'FunctionalPart';http://www.ease-crc.org/ont/SOMA.owl#;;Parts of an agent or an artifact are considered as functional parts.
FunctionalSubstance;dul:'FunctionalSubstance';http://www.ontologydesignpatterns.org/ont/dul/DUL.owl#;;FunctionalSubstance
GasCooktop;soma:'GasCooktop';http://www.ease-crc.org/ont/SOMA.owl#;;A cooktop that uses burning gas for heating.
Glass;soma:'Glass';http://www.ease-crc.org/ont/SOMA.owl#;30;A container made usually from glass or transparent plastic which is used to hold, typically cold, beverages.
GlassCleanerSprayBottle;suturo:'GlassCleanerSprayBottle';http://www.ease-crc.org/ont/SUTURO.owl#;38;A glass cleaner spray bottle is a container designed to hold a cleaning solution specifically formulated for cleaning glass surfaces. It typically has a spray nozzle that dispenses the solution in a fine mist for easy application onto the surface.
GolfBall;suturo:'GolfBall';http://www.ease-crc.org/ont/SUTURO.owl#;32;A golf ball is a small, round ball used in the sport of golf, typically made of rubber and synthetic materials, with dimples on its surface to increase lift and reduce drag.
Grapes;suturo:'Grapes';http://www.ease-crc.org/ont/SUTURO.owl#;100;Grapes are small round fruits that can be green or dark purple and can have seeds inside them.
Gripper;soma:'Gripper';http://www.ease-crc.org/ont/SOMA.owl#;;A mechanical device that grasps and holds things.
Hammer;suturo:'Hammer';http://www.ease-crc.org/ont/SUTURO.owl#;104;A hammer is a hand-held tool with a heavy metal head and a handle used for driving nails, breaking objects apart, or shaping metal.
Hand;soma:'Hand';http://www.ease-crc.org/ont/SOMA.owl#;;A prehensile effector including palm, fingers, and thumb.
HansanoWeidemilchMilkPack;suturo:'HansanoWeidemilchMilkPack';http://www.ease-crc.org/ont/SUTURO.owl#;;HansanoWeidemilchMilkPack
Head;soma:'Head';http://www.ease-crc.org/ont/SOMA.owl#;;A functional part of the body responsible for carrying high bandwidth sensors, i.e., camera.
HingeJoint;soma:'HingeJoint';http://www.ease-crc.org/ont/SOMA.owl#;;A joint that rotates along an axis.
HingeJoint;urdf:'HingeJoint';http://knowrob.org/kb/urdf.owl#;;A joint that rotates along an axis.
Hotplate;soma:'Hotplate';http://www.ease-crc.org/ont/SOMA.owl#;;A flat heated surface used for cooking food or keeping it hot.
HouseholdHardware;suturo:'HouseholdHardware';http://www.ease-crc.org/ont/SUTURO.owl#;;Household hardware (or simply, hardware) is equipment that can be touched or held by hand such as keys, locks, nuts, screws, washers, hinges, latches, handles, wire, chains, belts, plumbing supplies, electrical supplies, tools, utensils, cutlery and machine parts.
HygieneProduct;suturo:'HygieneProduct';http://www.ease-crc.org/ont/SUTURO.owl#;;Hygiene products are items that are used to promote cleanliness and personal hygiene. This can include products such as soap, shampoo, toothpaste, deodorant, and feminine hygiene products.
IceTea;suturo:'IceTea';http://www.ease-crc.org/ont/SUTURO.owl#;;Iced tea is a beverage made by steeping tea leaves in hot water, then chilling the tea and serving it over ice. It can be sweetened and flavored with lemon, peach, or other fruits, and is a popular refreshment, especially during hot weather.
IceTeaBottle;suturo:'IceTeaBottle';http://www.ease-crc.org/ont/SUTURO.owl#;86;An iced tea bottle is a container, commonly made of plastic or glass, designed specifically for storing and dispensing iced tea. It typically features a screw-top or snap cap for resealability, allowing the beverage to stay fresh and chilled, and is favored for its portability and convenience.
IceTeaBox;suturo:'IceTeaBox';http://www.ease-crc.org/ont/SUTURO.owl#;;An ice tea box refers to the container or packaging used to store and sell iced tea, usually in a ready-to-drink form. The box may contain individual servings or larger quantities, and can be made of various materials such as cardboard, plastic, or glass.
InductionCooktop;soma:'InductionCooktop';http://www.ease-crc.org/ont/SOMA.owl#;;A type of cooktop where heat is induced in the cookware. Only special induction cookware can be used with this type of cooktop.
JaFettarmeHMilchMilkPack;suturo:'JaFettarmeHMilchMilkPack';http://www.ease-crc.org/ont/SUTURO.owl#;;JaFettarmeHMilchMilkPack
JamJar;soma:'JamJar';http://www.ease-crc.org/ont/SOMA.owl#;;A jar which holds, or at least is intended to usually hold, jam.
Jar;soma:'Jar';http://www.ease-crc.org/ont/SOMA.owl#;;A container used for long-term storage of some liquid or viscous dish.
JellOChocolatePuddingBox;suturo:'JellOChocolatePuddingBox';http://www.ease-crc.org/ont/SUTURO.owl#;19;A box containing, or at least normally intended to contain, Jell-O brand chocolate flavored pudding powder.
JellOStrawberryBox;suturo:'JellOStrawberryBox';http://www.ease-crc.org/ont/SUTURO.owl#;72;A box containing, or at least normally intended to contain, Jell-O brand strawberry flavored gelatin.
Jello;suturo:'Jello';http://www.ease-crc.org/ont/SUTURO.owl#;;Jello, also known as gelatin, is a sweet dessert made by combining gelatin powder with hot water, sugar, and flavorings, then cooling and setting the mixture in a mold. It is a popular treat for both children and adults, and comes in a variety of flavors and colors.
JelloBox;suturo:'JelloBox';http://www.ease-crc.org/ont/SUTURO.owl#;48;A box containing, or at least normally intended to contain, jello.
Joint;urdf:'Joint';http://knowrob.org/kb/urdf.owl#;;An object that is used to articulate links in a kinematic structure.
Joint;soma:'Joint';http://www.ease-crc.org/ont/SOMA.owl#;;An object that is used to articulate links in a kinematic structure.
Juice;suturo:'Juice';http://www.ease-crc.org/ont/SUTURO.owl#;;Juice is a beverage made from the extraction or pressing of the natural liquid contained in fruits and vegetables. It can be consumed as a refreshing drink, and is often marketed as a source of vitamins and other nutrients.
JuiceBottle;suturo:'JuiceBottle';http://www.ease-crc.org/ont/SUTURO.owl#;;A juice bottle is a container, typically made from plastic or glass, that's specifically designed for storing and dispensing juice. It often features a screw-top or snap cap to maintain freshness and ease of use, and its portability makes it a popular choice for consumption at home or on the go.
JuiceBox;suturo:'JuiceBox';http://www.ease-crc.org/ont/SUTURO.owl#;70;A juice box is a container made of paperboard, with a small attached plastic straw, used for packaging and drinking juice. They are typically single-serving and convenient for on-the-go consumption.
JuicePack;suturo:'JuicePack';http://www.ease-crc.org/ont/SUTURO.owl#;82;A juice pack is a portable container, often made of plastic or a combination of plastic, paper, and aluminum, designed to hold and dispense single servings of juice. It typically comes with a resealable cap or a pre-punched hole for a straw, providing a convenient option for on-the-go consumption and packed lunches.
KellogsCornFlakes;suturo:'KellogsCornFlakes';http://www.ease-crc.org/ont/SUTURO.owl#;;Kellogg's Corn Flakes are a popular brand of breakfast cereal made from milled corn and malt flavoring. They were first created in the late 19th century by John Harvey Kellogg and his brother Will Keith Kellogg, and are known for their crunchy texture and mild, slightly sweet flavor.
KellogsCornFlakesBox;suturo:'KellogsCornFlakesBox';http://www.ease-crc.org/ont/SUTURO.owl#;;A Kellogg's Corn Flakes box is a cardboard packaging that contains corn flakes, a popular breakfast cereal made from toasted corn.
Ketchup;suturo:'Ketchup';http://www.ease-crc.org/ont/SUTURO.owl#;;Ketchup is a sweet and tangy condiment made from tomatoes, vinegar, sugar, and spices. It is commonly used as a topping for burgers, fries, and hot dogs, and is a popular ingredient in many sauces and dressings.
Kitchen;soma:'Kitchen';http://www.ease-crc.org/ont/SOMA.owl#;;A kitchen is a dedicated space in a home or establishment used for cooking, food preparation, and sometimes dining. It typically contains appliances such as a stove, refrigerator, and sink, as well as storage for cookware, utensils, and ingredients.
KitchenCabinet;soma:'KitchenCabinet';http://www.ease-crc.org/ont/SOMA.owl#;9;A cupboard designed to be used in kitchen environments.
KitchenKnife;soma:'KitchenKnife';http://www.ease-crc.org/ont/SOMA.owl#;;A tool designed to be used for kitchen related common tasks. Such as smearing a bread or cutting a cucumber.
KitchenTable;suturo:'KitchenTable';http://www.ease-crc.org/ont/SUTURO.owl#;;A table that is placed inside a kitchen and that is used for doing kitchen tasks like preparing meals.
KitchenUnit;soma:'KitchenUnit';http://www.ease-crc.org/ont/SOMA.owl#;;A piece of a fitted furniture typically containing cupboards, a sink, and an oven.
Kiwi;suturo:'Kiwi';http://www.ease-crc.org/ont/SUTURO.owl#;59;Kiwi is a small, oval-shaped fruit with brown fuzzy skin and bright green flesh inside, packed with nutrients such as vitamin C, vitamin K, and potassium. It has a tangy, sweet flavor and is often eaten raw, added to salads or smoothies, or used as a garnish.
Knife;soma:'Knife';http://www.ease-crc.org/ont/SOMA.owl#;50;An instrument composed of a blade fixed into a handle, used for cutting or as a weapon.
KoellnKnusperSchokoKeks;suturo:'KoellnKnusperSchokoKeks';http://www.ease-crc.org/ont/SUTURO.owl#;;Kölln Knusper Schoko & Keks is a popular German breakfast cereal made by Kölln, a company that specializes in producing various types of oatmeal and muesli. This particular cereal features a crunchy mix of chocolate and cookie pieces and is often eaten with milk or yogurt for breakfast.
KoellnKnusperSchokoKeksBox;suturo:'KoellnKnusperSchokoKeksBox';http://www.ease-crc.org/ont/SUTURO.owl#;;The Kölln Knusper Schoko & Keks box contains crunchy chocolate and cookie flakes that can be enjoyed as a breakfast cereal or snack.
LargeMarker;suturo:'LargeMarker';http://www.ease-crc.org/ont/SUTURO.owl#;96;A large marker is a pen-like writing tool with a wide, felt tip used for creating bold, colorful marks or lettering on posters, signs, or other large surfaces.
Leg;soma:'Leg';http://www.ease-crc.org/ont/SOMA.owl#;;A limb on which an agent walks or stands.
Lego;suturo:'Lego';http://www.ease-crc.org/ont/SUTURO.owl#;;LEGO is a popular construction toy consisting of colorful interlocking plastic bricks and other components that can be assembled and reconfigured into various shapes and structures.
LegoDuplo;suturo:'LegoDuplo';http://www.ease-crc.org/ont/SUTURO.owl#;;Lego Duplo is a line of Lego building toys designed for children aged 1.5 to 5 years old.
Lemon;suturo:'Lemon';http://www.ease-crc.org/ont/SUTURO.owl#;76;A lemon is a yellow citrus fruit with a sour taste, acidic juice, and versatile use in cooking and beverages.
Lid;soma:'Lid';http://www.ease-crc.org/ont/SOMA.owl#;;A removable or hinged cover for the top of a container.
Limb;soma:'Limb';http://www.ease-crc.org/ont/SOMA.owl#;;An arm or leg of an embodied agent.
Link;urdf:'Link';http://knowrob.org/kb/urdf.owl#;;Link
Liquid;suturo:'Liquid';http://www.ease-crc.org/ont/SUTURO.owl#;;Liquid food is a type of food that is in a liquid state and can be consumed without chewing.
LivingRoom;suturo:'LivingRoom';http://www.ease-crc.org/ont/SUTURO.owl#;;A living room is a common area in a home designed for socializing, entertainment, and relaxation. It usually features comfortable seating, such as sofas and chairs, and may include a television, coffee table, and other furniture for gathering and conversation.
LowFatLongLastingMilk;suturo:'LowFatLongLastingMilk';http://www.ease-crc.org/ont/SUTURO.owl#;;Low-fat long-lasting milk is a type of milk that has been processed to remove some of the fat and extend its shelf life. This milk is typically heated to a high temperature, which kills off bacteria and enzymes that can cause spoilage, and then packaged in airtight containers.
Magazine;suturo:'Magazine';http://www.ease-crc.org/ont/SUTURO.owl#;;A magazine is a publication containing articles and illustrations, often on a particular subject or aimed at a particular audience.
Marble;suturo:'Marble';http://www.ease-crc.org/ont/SUTURO.owl#;41;A marble is a small, spherical toy made of glass, stone, or other materials, used in games, competitions, or for decoration.
MasterChefCan;suturo:'MasterChefCan';http://www.ease-crc.org/ont/SUTURO.owl#;97;MasterChefCan
MetalBowl;suturo:'MetalBowl';http://www.ease-crc.org/ont/SUTURO.owl#;56;A metal bowl is a container made from metal material, typically stainless steel or aluminum, and used for various purposes such as mixing ingredients, serving food, or as a decorative object. It is durable, easy to clean, and can withstand high temperatures, making it ideal for use in the kitchen.
MetalHardware;suturo:'MetalHardware';http://www.ease-crc.org/ont/SUTURO.owl#;;Metal hardware refers to various metal components, such as nuts, bolts, screws, washers, and hinges, used in manufacturing and construction to join or secure different objects or materials together.
MetalMug;suturo:'MetalMug';http://www.ease-crc.org/ont/SUTURO.owl#;43;A metal mug is a drinking vessel made from metal material, typically stainless steel or copper, and designed to hold hot or cold beverages. It is sturdy, reusable, and often used for camping, outdoor activities, or as a travel mug.
MetalPlate;suturo:'MetalPlate';http://www.ease-crc.org/ont/SUTURO.owl#;35;A metal plate is a flat, thin, and usually circular or rectangular piece of metal material, often made from stainless steel or aluminum. It is commonly used for serving food, as a component in machinery, or for decorative purposes, and is durable and easy to clean.
Microwave;suturo:'Microwave';http://www.ease-crc.org/ont/SUTURO.owl#;;A microwave is an appliance that cooks or heats up food by using microwave radiation to excite the molecules in the food.
Milk;suturo:'Milk';http://www.ease-crc.org/ont/SUTURO.owl#;;Milk is a nutrient-rich liquid that comes from cows or other mammals and is commonly consumed by humans.
MilkBottle;soma:'MilkBottle';http://www.ease-crc.org/ont/SOMA.owl#;85;A bottle which holds, or at least is intended to usually hold, milk.
MilkPack;soma:'MilkPack';http://www.ease-crc.org/ont/SOMA.owl#;63;A pack which holds, or at least is intended to usually hold, milk.
MilkPackJa;suturo:'MilkPackJa';http://www.ease-crc.org/ont/SUTURO.owl#;91;MilkPackJa
Mineral;suturo:'Mineral';http://www.ease-crc.org/ont/SUTURO.owl#;;A mineral is a naturally occurring inorganic substance that has a specific chemical composition and a crystalline structure. They are found in rocks and the Earth's crust and have many practical uses, such as being used as building materials, in electronics, and in the production of jewelry.
MiniSoccerBall;suturo:'MiniSoccerBall';http://www.ease-crc.org/ont/SUTURO.owl#;11;A mini soccer ball is a smaller version of a regulation soccer ball, often used for training, indoor or recreational play, or for promotional or decorative purposes.
MovableJoint;soma:'MovableJoint';http://www.ease-crc.org/ont/SOMA.owl#;;A joint where the two connected links can move relative to each other in some dimension.
MovableJoint;urdf:'MovableJoint';http://knowrob.org/kb/urdf.owl#;;A joint where the two connected links can move relative to each other in some dimension.
MuesliBox;suturo:'MuesliBox';http://www.ease-crc.org/ont/SUTURO.owl#;92;MuesliBox
Mug;suturo:'Mug';http://www.ease-crc.org/ont/SUTURO.owl#;;A mug is a cylindrical-shaped cup, usually made of ceramic, porcelain, or glass, with a handle for holding and drinking hot beverages such as coffee or tea.
MulledWineTea;suturo:'MulledWineTea';http://www.ease-crc.org/ont/SUTURO.owl#;;Mulled wine tea is a type of tea that is typically made with a blend of black tea, spices, and dried fruit, such as orange peel or cinnamon. It is often served as a warm, comforting beverage during the winter months and is known for its rich, aromatic flavor and spicy notes.
Mustard;suturo:'Mustard';http://www.ease-crc.org/ont/SUTURO.owl#;;Mustard is a condiment made from the seeds of the mustard plant, which are ground into a powder and mixed with vinegar or other liquids to create a paste or sauce. It is commonly used as a flavoring for sandwiches, dressings, marinades, and many other dishes.
MustardBottle;suturo:'MustardBottle';http://www.ease-crc.org/ont/SUTURO.owl#;18;Mustard bottle refers to a squeezable container that dispenses mustard.
Nail;suturo:'Nail';http://www.ease-crc.org/ont/SUTURO.owl#;;A nail is a thin, pointed metal or wood fastener with a flat head used for attaching or joining two objects together, or for securing an object to a surface.
Napkin;suturo:'Napkin';http://www.ease-crc.org/ont/SUTURO.owl#;17;A square piece of cloth or paper used at a meal to wipe the fingers or lips and to protect garments
NaturalPerson;dul:'NaturalPerson';http://www.ontologydesignpatterns.org/ont/dul/DUL.owl#;23;A person in the physical commonsense intuition: 'have you seen that person walking down the street?'
NesquickCerealBox;suturo:'NesquickCerealBox';http://www.ease-crc.org/ont/SUTURO.owl#;90;NesquickCerealBox
NinePegHoleTest;suturo:'NinePegHoleTest';http://www.ease-crc.org/ont/SUTURO.owl#;;A pegboard with nine holes used for cognitive and psychomotor testing.
Nut;suturo:'Nut';http://www.ease-crc.org/ont/SUTURO.owl#;;A nut is a small, usually hexagonal-shaped metal or plastic fastener with a threaded hole used for securing a bolt or screw in place.
NutellaJar;soma:'NutellaJar';http://www.ease-crc.org/ont/SOMA.owl#;;A jar which holds, or at least is intended to usually hold, Nutella.
Orange;suturo:'Orange';http://www.ease-crc.org/ont/SUTURO.owl#;27;An orange is a round citrus fruit with a tough, bright orange skin, pulpy flesh with sections, and a juicy, tangy flavor.
OrangeJuiceBox;suturo:'OrangeJuiceBox';http://www.ease-crc.org/ont/SUTURO.owl#;87;An OrangeJuiceBox is a portable, typically single-serving container made of paperboard or other lightweight materials, designed to hold and dispense orange juice. It is commonly equipped with a straw or a pull-tab for easy consumption, and is popular for its convenience and use in packed lunches or on-the-go situations.
Oregano;suturo:'Oregano';http://www.ease-crc.org/ont/SUTURO.owl#;;Oregano is a fragrant herb commonly used in Mediterranean and Mexican cuisine. It has a strong, slightly bitter flavor and is often used dried to add depth to tomato-based sauces, meats, and vegetables.
OreganoShaker;suturo:'OreganoShaker';http://www.ease-crc.org/ont/SUTURO.owl#;65;An oregano shaker is a container used for storing and dispensing dried oregano spice, which is commonly used in cooking to add flavor and aroma to dishes. The shaker typically has small holes or slots on the top to allow for controlled dispensing of the oregano flakes.
Organism;dul:'Organism';http://www.ontologydesignpatterns.org/ont/dul/DUL.owl#;;A physical objects with biological characteristics, typically that organisms can self-reproduce.
Oven;soma:'Oven';http://www.ease-crc.org/ont/SOMA.owl#;;An appliance with an enclosed compartment that exposes food to heat
Pack;soma:'Pack';http://www.ease-crc.org/ont/SOMA.owl#;;A small cardboard or paper container.
Package;suturo:'Package';http://www.ease-crc.org/ont/SUTURO.owl#;;A package is a wrapped or boxed object that contains one or more items for transport or storage. Packages can range in size from small envelopes to large boxes or crates.
PadlockAndKeys;suturo:'PadlockAndKeys';http://www.ease-crc.org/ont/SUTURO.owl#;;A padlock and keys are a security device used for locking and securing doors, gates, or other objects, consisting of a metal lock with a U-shaped bar and a set of keys to open and close it.
Pan;soma:'Pan';http://www.ease-crc.org/ont/SOMA.owl#;;A container used for cooking food.
Pancake;soma:'Pancake';http://www.ease-crc.org/ont/SOMA.owl#;;Pancakes are a type of flat, round, and fluffy breakfast food made from a batter of flour, eggs, milk, and a leavening agent, typically baking powder or baking soda. They are cooked on a griddle or frying pan and are often served with toppings such as syrup, fruit, or whipped cream, making them a popular choice for a delicious morning meal.
PancakeMix;soma:'PancakeMix';http://www.ease-crc.org/ont/SOMA.owl#;;Pancake mix is a pre-made dry mixture of flour, baking powder, salt, and other ingredients that is used to make pancakes quickly and easily. It typically requires the addition of liquid ingredients such as milk, eggs, and oil, and can be customized with various flavors and additions such as chocolate chips or blueberries.
PancakeMixBottle;suturo:'PancakeMixBottle';http://www.ease-crc.org/ont/SUTURO.owl#;71;A pancake mix bottle is a container that holds pre-made pancake batter, ready to be cooked. These bottles usually come with a nozzle for easy pouring and can be found in different sizes and shapes.
PaperBag;suturo:'PaperBag';http://www.ease-crc.org/ont/SUTURO.owl#;;A paper bag is a type of bag made from paper materials, such as kraft paper or recycled paper. It is commonly used for carrying groceries, snacks, and other lightweight items, and is often considered a more environmentally-friendly option compared to plastic bags. Paper bags can be recycled and are biodegradable, making them a sustainable choice for packaging and transporting goods.
PastaBowl;soma:'PastaBowl';http://www.ease-crc.org/ont/SOMA.owl#;;A bowl which holds, or at least is intended to usually hold, pasta.
PastryBox;suturo:'PastryBox';http://www.ease-crc.org/ont/SUTURO.owl#;74;A pastry box is a container used to transport and store pastries such as cakes, pies, and tarts. It is typically made of cardboard or plastic and designed to keep the pastries fresh and protected during transport, with features such as secure lids and inserts to prevent movement and damage.
Peach;suturo:'Peach';http://www.ease-crc.org/ont/SUTURO.owl#;79;A peach is a round fruit with a fuzzy skin, juicy flesh, a large pit in the center, and a sweet, delicate flavor.
PeachIceTeaBox;suturo:'PeachIceTeaBox';http://www.ease-crc.org/ont/SUTURO.owl#;;Peach ice tea box refers to the container or packaging used to store and sell peach-flavored iced tea, usually in a ready-to-drink form. The box may contain individual servings or larger quantities, and can be made of various materials such as cardboard, plastic, or glass.
Pear;suturo:'Pear';http://www.ease-crc.org/ont/SUTURO.owl#;75;A pear is a sweet, juicy fruit with a bulbous shape, a thin skin, and a core with seeds in the center.
PepperShaker;soma:'PepperShaker';http://www.ease-crc.org/ont/SOMA.owl#;;A shaker which holds, or at least is intended to usually hold, pepper.
PhillipsScrewdriver;suturo:'PhillipsScrewdriver';http://www.ease-crc.org/ont/SUTURO.owl#;;A Phillips screwdriver is a hand-held tool with a cross-shaped tip used for driving screws with a corresponding cross-shaped indentation in their head.
PhysicalAgent;dul:'PhysicalAgent';http://www.ontologydesignpatterns.org/ont/dul/DUL.owl#;;A PhysicalObject that is capable of self-representing (conceptualizing) a Description in order to plan an Action.  A PhysicalAgent is a substrate for (actsFor) a Social Agent
PhysicalArtifact;dul:'PhysicalArtifact';http://www.ontologydesignpatterns.org/ont/dul/DUL.owl#;;Any PhysicalObject that isDescribedBy a Plan . This axiomatization is weak, but allows to talk of artifacts in a very general sense, i.e. including recycled objects, objects with an intentional functional change, natural objects that are given a certain function, even though they are not modified or structurally designed, etc. PhysicalArtifact(s) are not considered disjoint from PhysicalBody(s), in order to allow a dual classification when needed. E.g., FunctionalSubstance(s) are included here as well. Immaterial (non-physical) artifacts (e.g. texts, ideas, cultural movements, corporations, communities, etc. can be modelled as social objects (see SocialObject), which are all 'artifactual' in the weak sense assumed here.
PhysicalBody;dul:'PhysicalBody';http://www.ontologydesignpatterns.org/ont/dul/DUL.owl#;;Physical bodies are PhysicalObject(s), for which we tend to neutralize any possible artifactual character. They can have several granularity levels: geological, chemical, physical, biological, etc.
PhysicalEffector;soma:'PhysicalEffector';http://www.ease-crc.org/ont/SOMA.owl#;;A functional part belonging to an Agent and which allows that Agent to act upon its surroundings.
PhysicalPlace;dul:'PhysicalPlace';http://www.ontologydesignpatterns.org/ont/dul/DUL.owl#;;"A physical object that is inherently located; for example, a water area."
Pitcher;suturo:'Pitcher';http://www.ease-crc.org/ont/SUTURO.owl#;7;A pitcher is a container, usually made of glass or ceramic, with a handle and spout used for holding and pouring beverages such as water, juice, or tea.
PitcherLid;suturo:'PitcherLid';http://www.ease-crc.org/ont/SUTURO.owl#;;A pitcher lid is a cover used to close the opening of a pitcher and prevent the contents from spilling or becoming contaminated.
PlanarJoint;soma:'PlanarJoint';http://www.ease-crc.org/ont/SOMA.owl#;;A joint that allows motion in a plane perpendicular to an axis.
PlanarJoint;urdf:'PlanarJoint';http://knowrob.org/kb/urdf.owl#;;A joint that allows motion in a plane perpendicular to the axis.
PlasticChain;suturo:'PlasticChain';http://www.ease-crc.org/ont/SUTURO.owl#;51;Plastic chain is a chain made from plastic links that are interconnected to form a continuous chain. It is often used as a visual barrier or for crowd control in public places, as well as for decorative purposes in events, exhibitions, and retail displays.
PlasticKnife;suturo:'PlasticKnife';http://www.ease-crc.org/ont/SUTURO.owl#;1;A plastic knife is a cutting tool made from plastic material, typically polypropylene or polystyrene, and is lightweight and disposable. It is commonly used for cutting soft foods such as cake or fruit, or as a safer alternative to metal knives in environments where metal utensils are not allowed.
Plate;soma:'Plate';http://www.ease-crc.org/ont/SOMA.owl#;52;A flat and usually circular object from which food is eaten or served.
Plum;suturo:'Plum';http://www.ease-crc.org/ont/SUTURO.owl#;80;A plum is a small, round or oval-shaped fruit with a smooth, edible skin, juicy, sweet or tart flesh, and a small pit in the center.
Pot;soma:'Pot';http://www.ease-crc.org/ont/SOMA.owl#;16;Pot is a container, typically made of ceramic or clay, used for cooking, serving, or storing food. It comes in various shapes, sizes, and designs and is a common household item found in many cultures around the world.
PottedMeatCan;suturo:'PottedMeatCan';http://www.ease-crc.org/ont/SUTURO.owl#;78;A can containing, or at least normally intended to contain, potted meat
PowerDrill;suturo:'PowerDrill';http://www.ease-crc.org/ont/SUTURO.owl#;;A power drill is a motorized tool used for making holes in a variety of materials, or for driving screws or bolts into them, often used in woodworking, metalworking, or construction projects.
PrehensileEffector;soma:'PrehensileEffector';http://www.ease-crc.org/ont/SOMA.owl#;;An effector used to grasp objects, such as a hand of a human, or the long prehensile tail of a monkey.
PringlesChipsCan;suturo:'PringlesChipsCan';http://www.ease-crc.org/ont/SUTURO.owl#;36;Pringles chips can refers to a cylindrical container that holds Pringles brand potato chips.
PrintedMatter;suturo:'PrintedMatter';http://www.ease-crc.org/ont/SUTURO.owl#;;Printed matter refers to any material that has been printed, including books, magazines, newspapers, brochures, flyers, posters, and other forms of printed media.
PrismaticJoint;soma:'PrismaticJoint';http://www.ease-crc.org/ont/SOMA.owl#;;A sliding joint that slides along an axis, and has a limited range specified by the upper and lower limits.
PrismaticJoint;urdf:'PrismaticJoint';http://knowrob.org/kb/urdf.owl#;;A sliding joint that slides along the axis, and has a limited range specified by the upper and lower limits.
ProcessedFood;suturo:'ProcessedFood';http://www.ease-crc.org/ont/SUTURO.owl#;;Processed food refers to food that has been altered in some way from its natural state through various methods such as canning, freezing, cooking, or adding preservatives and additives. It often contains high amounts of salt, sugar, and fat, and is typically less nutritious than fresh, unprocessed food.
PuddingBox;suturo:'PuddingBox';http://www.ease-crc.org/ont/SUTURO.owl#;;A box containing, or at least normally intended to contain pudding powder.
Rack;soma:'Rack';http://www.ease-crc.org/ont/SOMA.owl#;;A frame for holding or storing things.
Rack;suturo:'Rack';http://www.ease-crc.org/ont/SUTURO.owl#;;A rack is a framework or support structure used for holding or organizing various objects or equipment in a specific arrangement or pattern.
Racquetball;suturo:'Racquetball';http://www.ease-crc.org/ont/SUTURO.owl#;47;A racquetball ball is a small, hollow rubber ball used in the sport of racquetball, designed to be bouncy and to move quickly in the enclosed court.
RaspberryJamJar;soma:'RaspberryJamJar';http://www.ease-crc.org/ont/SOMA.owl#;;A jar which holds, or at least is intended to usually hold, raspberry jam.
RaspberryJuice;suturo:'RaspberryJuice';http://www.ease-crc.org/ont/SUTURO.owl#;;Raspberry juice is a beverage made by pressing or extracting the natural liquid from raspberries, a sweet and tart fruit. It is often consumed as a refreshing drink or used as an ingredient in cocktails, smoothies, and other beverages. Raspberry juice is also believed to be a good source of vitamin C and other nutrients.
RaspberryJuiceBox;suturo:'RaspberryJuiceBox';http://www.ease-crc.org/ont/SUTURO.owl#;;A raspberry juice box is a small, rectangular-shaped container typically made of cardboard or plastic, designed to hold and dispense raspberry juice. It often includes a straw or a screw-on cap for easy access and is a popular choice for on-the-go consumption.
RedBowl;suturo:'RedBowl';http://www.ease-crc.org/ont/SUTURO.owl#;;RedBowl
RedMetalCup;suturo:'RedMetalCup';http://www.ease-crc.org/ont/SUTURO.owl#;;RedMetalCup
Refrigerator;soma:'Refrigerator';http://www.ease-crc.org/ont/SOMA.owl#;;An appliance which is artificially kept cool and used to store food and drink.
RevoluteJoint;soma:'RevoluteJoint';http://www.ease-crc.org/ont/SOMA.owl#;;A hinge joint that rotates along an axis and has a limited range specified by the upper and lower limits.
RevoluteJoint;urdf:'RevoluteJoint';http://knowrob.org/kb/urdf.owl#;;a hinge joint that rotates along the axis and has a limited range specified by the upper and lower limits.
Robot;urdf:'Robot';http://knowrob.org/kb/urdf.owl#;;Robot
Room;soma:'Room';http://www.ease-crc.org/ont/SOMA.owl#;;Space that can be occupied or where something can be done.
RoomSurface;soma:'RoomSurface';http://www.ease-crc.org/ont/SOMA.owl#;;The surface of a room.
Rope;suturo:'Rope';http://www.ease-crc.org/ont/SUTURO.owl#;44;A rope is a length of thick, strong, twisted or braided fibers or cords, typically made of natural or synthetic materials, used for tying, lifting, pulling, or securing objects or people.
RubiksCube;suturo:'RubiksCube';http://www.ease-crc.org/ont/SUTURO.owl#;88;A Rubik's Cube is a three-dimensional puzzle game that consists of a cube with six faces, each made up of nine smaller squares of different colors, and the object of the game is to twist and turn the cube to solve the puzzle by aligning the colors on each face.
SaladBowl;soma:'SaladBowl';http://www.ease-crc.org/ont/SOMA.owl#;;A bowl which holds, or at least is intended to usually hold, salad.
Salt;suturo:'Salt';http://www.ease-crc.org/ont/SUTURO.owl#;;Salt is a mineral substance that is composed of sodium and chloride ions and is commonly used as a seasoning and preservative in food. It is an essential nutrient for the human body and is found in many natural sources such as seawater and rock formations.
SaltShaker;soma:'SaltShaker';http://www.ease-crc.org/ont/SOMA.owl#;34;A shaker which holds, or at least is intended to usually hold, salt.
Scissors;suturo:'Scissors';http://www.ease-crc.org/ont/SUTURO.owl#;98;Scissors are a cutting tool consisting of two blades joined together by a pivot, used for cutting paper, fabric, hair, or other materials.
ScotchBriteDobieSponge;suturo:'ScotchBriteDobieSponge';http://www.ease-crc.org/ont/SUTURO.owl#;;A Scotch Brite Dobie sponge is a small, rectangular sponge with a scrubbing surface on one side, designed for cleaning dishes and surfaces.
Screw;suturo:'Screw';http://www.ease-crc.org/ont/SUTURO.owl#;;A screw is a threaded metal or wood fastener with a pointed tip used for attaching two objects together or for securing an object in place.
ScrewDriver;suturo:'ScrewDriver';http://www.ease-crc.org/ont/SUTURO.owl#;102;A screwdriver is a hand tool consisting of a handle and a shaft with a shaped tip designed to fit into the corresponding slot or recess of a screw head. It is used for turning screws to fasten or loosen them in a wide range of applications, from construction and carpentry to electronics and household repairs.
ScrubCleaner;suturo:'ScrubCleaner';http://www.ease-crc.org/ont/SUTURO.owl#;99;ScrubCleaner
ServingMat;suturo:'ServingMat';http://www.ease-crc.org/ont/SUTURO.owl#;21;A serving mat is a type of table mat used to protect surfaces from spills and stains while serving food or drinks. They are typically made from materials such as fabric, plastic, or silicone and come in various shapes, sizes, and designs to suit different occasions and styles.
Shaker;soma:'Shaker';http://www.ease-crc.org/ont/SOMA.owl#;;A container used for storing fine grained substances such as salt or paper.
Shelf;suturo:'Shelf';http://www.ease-crc.org/ont/SUTURO.owl#;25;A shelf board is a flat piece of wood, metal, or glass which is attached to a wall or to the sides of a cupboard. Shelves are used for keeping things on.
ShelfUnit;suturo:'ShelfUnit';http://www.ease-crc.org/ont/SUTURO.owl#;;A shelf unit is a piece of furniture consisting of several shelves, designed to hold books, decor, and other items and is typically made of wood or metal.
Sink;soma:'Sink';http://www.ease-crc.org/ont/SOMA.owl#;;A large bowl used to direct the flow of liquid into a drain, typically has a tap used to fill the sink with water, and a plug used to block the drain.
Sink;suturo:'Sink';http://www.ease-crc.org/ont/SUTURO.owl#;;A sink is a bowl-shaped fixture used for washing hands, dishes, and other small objects, typically located in a kitchen or bathroom.
Skillet;suturo:'Skillet';http://www.ease-crc.org/ont/SUTURO.owl#;58;A skillet is a flat-bottomed pan with slanted sides and a long handle, used for frying, sautéing, or searing foods.
SkilletLid;suturo:'SkilletLid';http://www.ease-crc.org/ont/SUTURO.owl#;;A skillet lid is a cover made of metal or glass that fits onto a skillet and is used to prevent splatters and retain heat while cooking.
SmallMarker;suturo:'SmallMarker';http://www.ease-crc.org/ont/SUTURO.owl#;;A small marker is a pen-like writing tool with a narrow, pointed tip used for writing or drawing with precision, often used for labeling, highlighting, or coloring.
Sofa;soma:'Sofa';http://www.ease-crc.org/ont/SOMA.owl#;;A comfortable seat for two or more people to sit on.
SoftBall;suturo:'SoftBall';http://www.ease-crc.org/ont/SUTURO.owl#;33;A soft ball is a ball made of a softer, lighter material than a regulation baseball, often used in recreational or amateur leagues, or in games played by children.
SoftScrubBleachCleanserBottle;suturo:'SoftScrubBleachCleanserBottle';http://www.ease-crc.org/ont/SUTURO.owl#;;A Soft Scrub Cleanser bottle is a container, typically made of plastic, glass, or metal, used to hold a cleaning solution that is designed to scrub and clean surfaces such as sinks, tubs, and toilets.
Soup;suturo:'Soup';http://www.ease-crc.org/ont/SUTURO.owl#;;Soup is a liquid dish made by cooking vegetables, meat, or fish in water or stock, and often seasoned with herbs and spices. It is a versatile dish that can be served hot or cold, as an appetizer or main course, and is enjoyed around the world for its comforting and nourishing qualities.
SoupCan;suturo:'SoupCan';http://www.ease-crc.org/ont/SUTURO.owl#;;Soup can refers to a cylindrical metal container that holds condensed or ready-to-eat soup.
SoupPot;soma:'SoupPot';http://www.ease-crc.org/ont/SOMA.owl#;;A pot which holds, or at least is intended to usually hold, soup.
SpamPottedMeatCan;suturo:'SpamPottedMeatCan';http://www.ease-crc.org/ont/SUTURO.owl#;;A can containing, or at least normally intended to contain, Spam brand potted meat.
Spatula;soma:'Spatula';http://www.ease-crc.org/ont/SOMA.owl#;6;A spatula is a flat, broad kitchen tool with a long handle used for flipping and lifting food items, such as pancakes, eggs, or burgers, while cooking.
Spice;suturo:'Spice';http://www.ease-crc.org/ont/SUTURO.owl#;;Spices are a group of plant-based ingredients that are used to add flavor and aroma to food. They are typically dried and ground into powder or used fresh, and can be used alone or in combination with other spices to create complex flavors in dishes.
Sponge;suturo:'Sponge';http://www.ease-crc.org/ont/SUTURO.owl#;;A sponge is a porous material that is typically used for cleaning surfaces or absorbing liquid.
Spoon;soma:'Spoon';http://www.ease-crc.org/ont/SOMA.owl#;40;An eating or cooking implement consisting of a small shallow bowl with a relatively long handle.
SprayBottle;suturo:'SprayBottle';http://www.ease-crc.org/ont/SUTURO.owl#;;A spray bottle is a type of container that holds liquid and has a nozzle that can spray the liquid in a fine mist or stream.
StackingBlocks;suturo:'StackingBlocks';http://www.ease-crc.org/ont/SUTURO.owl#;45;Stacking blocks are a popular children's toy consisting of various sized and shaped blocks that can be stacked on top of each other to form towers or structures. They are often made of wood, plastic or foam, and are used to improve fine motor skills, hand-eye coordination, and problem-solving abilities in young children.
StapelChips;suturo:'StapelChips';http://www.ease-crc.org/ont/SUTURO.owl#;93;StapelChips
StarkistTunaFishCan;suturo:'StarkistTunaFishCan';http://www.ease-crc.org/ont/SUTURO.owl#;;Starkist Tuna fish can refers to a metal container used to store and preserve Starkist brand tuna fish.
Stove;soma:'Stove';http://www.ease-crc.org/ont/SOMA.owl#;;An appliance for cooking or heating.
Strawberry;suturo:'Strawberry';http://www.ease-crc.org/ont/SUTURO.owl#;37;A strawberry is a small, red fruit with a juicy texture, sweet taste, and tiny seeds on the surface, commonly used in desserts or as a snack.
StudyRoom;suturo:'StudyRoom';http://www.ease-crc.org/ont/SUTURO.owl#;;A room dedicated to studying and working, mostly by reading or writing.
Substance;dul:'Substance';http://www.ontologydesignpatterns.org/ont/dul/DUL.owl#;;"Any PhysicalBody that has not necessarily specified (designed) boundaries, e.g. a pile of trash, some sand, etc.  In this sense, an artistic object made of trash or a dose of medicine in the form of a pill would be a FunctionalSubstance, and a DesignedArtifact, since its boundaries are specified by a Design; aleatoric objects that are outcomes of an artistic process might be still considered DesignedArtifact(s), and Substance(s)."
SugarBox;suturo:'SugarBox';http://www.ease-crc.org/ont/SUTURO.owl#;57;A box containing, or at least usually intended to contain, sugar.
SugarDispenser;soma:'SugarDispenser';http://www.ease-crc.org/ont/SOMA.owl#;;A dispenser used to hold, or at least is intended to usually hold and serve, sugar.
Surface;soma:'Surface';http://www.ease-crc.org/ont/SOMA.owl#;;The outside part or uppermost layer of something.
Sweets;suturo:'Sweets';http://www.ease-crc.org/ont/SUTURO.owl#;;Sweets, also known as candy, are a type of confectionery made from sugar or a sugar substitute, and often flavored with fruit, chocolate, or other ingredients. They come in a wide variety of forms such as hard candies, gummies, caramels, and chocolates, and are enjoyed as a treat or dessert.
Table;soma:'Table';http://www.ease-crc.org/ont/SOMA.owl#;28;A table is a data structure that organizes information into rows and columns, forming a grid. Tables are widely used in databases and spreadsheets, where each row represents a data record and each column represents a data attribute.
TableCloth;suturo:'TableCloth';http://www.ease-crc.org/ont/SUTURO.owl#;13;A tablecloth is a large, rectangular piece of fabric or vinyl used to cover and protect a dining table from spills and stains, as well as to add aesthetic appeal to the setting.
TableFork;soma:'TableFork';http://www.ease-crc.org/ont/SOMA.owl#;;A regular size fork used for eating meals, e.g. for Spaghetti.
TableKnife;soma:'TableKnife';http://www.ease-crc.org/ont/SOMA.owl#;;A knife used for eating or speading butter on bread.
TableSpoon;soma:'TableSpoon';http://www.ease-crc.org/ont/SOMA.owl#;;A spoon usually refered as larger spoon used for serving. However in some regions it is the largest spoon used for eating.
Tableware;soma:'Tableware';http://www.ease-crc.org/ont/SOMA.owl#;;Tableware refers to the dishes, utensils, and other items used for serving and eating food. This can include plates, bowls, cups, silverware, and serving platters, among other things.
Tap;soma:'Tap';http://www.ease-crc.org/ont/SOMA.owl#;;A component designed to control the flow of water from a pipe.
Tea;suturo:'Tea';http://www.ease-crc.org/ont/SUTURO.owl#;;Tea is a hot or cold beverage made by steeping dried leaves from the tea plant, Camellia sinensis, in water. It is one of the most widely consumed beverages in the world and is enjoyed for its unique flavor, aroma, and potential health benefits.
TeaBagBox;suturo:'TeaBagBox';http://www.ease-crc.org/ont/SUTURO.owl#;73;A tea bag box is a container used for storing and organizing tea bags, typically made of cardboard or other durable materials and featuring separate compartments for different types or flavors of tea. These boxes are commonly used in households, offices, and restaurants to keep tea bags readily available for brewing.
TeaSpoon;soma:'TeaSpoon';http://www.ease-crc.org/ont/SOMA.owl#;;A spoon relatively smaller in size used for string a cup of tea or measuring a volume. Specifically for cooking or medicine purposes, the volume is defined as 5ml.
Television;suturo:'Television';http://www.ease-crc.org/ont/SUTURO.owl#;;A device that receives and displays video signals and has a tuner to change channels.
TennisBall;suturo:'TennisBall';http://www.ease-crc.org/ont/SUTURO.owl#;39;A tennis ball is a small, round ball made of rubber with a fuzzy, felt-like outer layer, used in the sport of tennis, as well as in other games, such as fetch for dogs.
TigerCup;suturo:'TigerCup';http://www.ease-crc.org/ont/SUTURO.owl#;;TigerCup
Timer;suturo:'Timer';http://www.ease-crc.org/ont/SUTURO.owl#;;A timer is a device used to measure and indicate the passing of a set amount of time.
Tomato;suturo:'Tomato';http://www.ease-crc.org/ont/SUTURO.owl#;;A tomato is a fruit that is commonly used as a culinary vegetable and is known for its juicy flesh, bright color, and versatile flavor.
TomatoSoup;suturo:'TomatoSoup';http://www.ease-crc.org/ont/SUTURO.owl#;;Tomato soup is a type of soup made from tomatoes, typically with additional ingredients such as broth, cream, and spices. It is a popular comfort food that is enjoyed around the world and can be served hot or cold.
TomatoSoupCan;suturo:'TomatoSoupCan';http://www.ease-crc.org/ont/SUTURO.owl#;67;Tomato soup can refers to a cylindrical metal container that holds condensed or ready-to-eat tomato soup.
Toothpaste;suturo:'Toothpaste';http://www.ease-crc.org/ont/SUTURO.owl#;64;Toothpaste is a gel or paste used for cleaning teeth and maintaining oral hygiene. It typically contains abrasives, fluoride, and other active ingredients that help remove plaque, prevent tooth decay, and freshen breath.
ToothpasteTube;suturo:'ToothpasteTube';http://www.ease-crc.org/ont/SUTURO.owl#;;A toothpaste tube is a soft plastic or aluminum container that holds toothpaste for brushing teeth. The tube is typically sealed with a screw-on cap or flip-top lid and is squeezed to dispense the toothpaste.
Toy;suturo:'Toy';http://www.ease-crc.org/ont/SUTURO.owl#;;A toy is an object designed for children or adults to play with, often for amusement or education, and can range from simple objects to complex electronic devices.
ToyAirplane;suturo:'ToyAirplane';http://www.ease-crc.org/ont/SUTURO.owl#;;A toy airplane is a miniature version of an airplane designed for children to play with.
ToyotaHSR;suturo:'ToyotaHSR';http://www.ease-crc.org/ont/SUTURO.owl#;61;Toyota's HSR is a compact mobile cobot (collaborative robot) platform that can move around and fetch objects using a multi-DOF arm while avoiding obstacles. Operable by voice command or by tablet PC, HSR has a highly maneuverable, compact, and lightweight cylindrical body with a folding arm that enables it to pick up objects off the floor, suction up thin objects, retrieve objects from high locations, open curtains, and perform other household tasks.
TrashBag;suturo:'TrashBag';http://www.ease-crc.org/ont/SUTURO.owl#;;A bag made of plastic or other materials that is used to contain waste material.
TrashBin;suturo:'TrashBin';http://www.ease-crc.org/ont/SUTURO.owl#;0;A container for holding waste or garbage.
TrashContainer;soma:'TrashContainer';http://www.ease-crc.org/ont/SOMA.owl#;;An item designed to hold trash. Typically equipped with a mechanism to close or open it, to prevent smells from the trash from propagating out and insects and other pests to get in.
Tray;suturo:'Tray';http://www.ease-crc.org/ont/SUTURO.owl#;26;A flat, shallow container with a raised rim, typically used for carrying food and drink, or for holding small items or loose material.
TropicalJuiceBottle;suturo:'TropicalJuiceBottle';http://www.ease-crc.org/ont/SUTURO.owl#;84;A tropical juice bottle is a container, typically made of plastic or glass, specifically designed to store and dispense juices made from tropical fruits. It usually features a screw-top or snap cap for freshness and ease of use, and is popular for its portability, making it suitable for on-the-go consumption.
Tshirt;suturo:'Tshirt';http://www.ease-crc.org/ont/SUTURO.owl#;;A T-shirt is a type of unisex fabric shirt named after the T shape of its body and sleeves. It is typically made of cotton and features short sleeves and a round neckline. It is a casual and comfortable piece of clothing that is often worn for everyday activities.
Tube;suturo:'Tube';http://www.ease-crc.org/ont/SUTURO.owl#;;A tube is a cylindrical container made of plastic, metal, or other materials that is used to hold and dispense a product such as toothpaste, lotion, or paint. Tubes are typically sealed at one end and have an opening at the other end for dispensing the product.
Tuna;suturo:'Tuna';http://www.ease-crc.org/ont/SUTURO.owl#;;Tuna is a saltwater fish that belongs to the mackerel family. It is a popular seafood item and is commonly used in a variety of dishes such as sushi, salads, and sandwiches.
TunaFishCan;suturo:'TunaFishCan';http://www.ease-crc.org/ont/SUTURO.owl#;68;Tuna fish can refers to a metal container used to store and preserve tuna fish.
Vegetable;suturo:'Vegetable';http://www.ease-crc.org/ont/SUTURO.owl#;;A vegetable is a plant or part of a plant that is typically eaten as food and is not classified as a fruit, seed, or spice.
Wall;soma:'Wall';http://www.ease-crc.org/ont/SOMA.owl#;;An upright surface of a building or room.
Wardrobe;soma:'Wardrobe';http://www.ease-crc.org/ont/SOMA.owl#;;A cupboard which is typically used for hanging clothes.
Washer;suturo:'Washer';http://www.ease-crc.org/ont/SUTURO.owl#;14;A washer is a thin, flat ring-shaped object, typically made of metal, rubber, or plastic, used to distribute the load of a threaded fastener such as a screw or bolt, or as a spacer, seal, or locking device.
WaterBottle;soma:'WaterBottle';http://www.ease-crc.org/ont/SOMA.owl#;;A bottle which holds, or at least is intended to usually hold, water.
WaterGlass;soma:'WaterGlass';http://www.ease-crc.org/ont/SOMA.owl#;;A glass which holds, or at least is intended to usually hold, water. Also affords drinking from it.
WindexGlassCleanerSprayBottle;suturo:'WindexGlassCleanerSprayBottle';http://www.ease-crc.org/ont/SUTURO.owl#;;A Windex Spray bottle is a plastic container with a trigger or pump sprayer used to hold a cleaning solution specifically designed to clean glass surfaces.
WineBottle;soma:'WineBottle';http://www.ease-crc.org/ont/SOMA.owl#;81;A bottle which holds, or at least is intended to usually hold, wine.
WineGlass;soma:'WineGlass';http://www.ease-crc.org/ont/SOMA.owl#;24;A glass which holds, or at least is intended to usually hold, wine. Also affords drinking from it.
WoodBlock;suturo:'WoodBlock';http://www.ease-crc.org/ont/SUTURO.owl#;105;A wood block is a solid piece of wood cut into a rectangular or square shape, used for carving, chopping, or as a decorative item.
Wrench;suturo:'Wrench';http://www.ease-crc.org/ont/SUTURO.owl#;;A wrench is a hand tool with a handle and adjustable jaws or a fixed socket used for gripping and turning nuts, bolts, and other fasteners.
WritingTool;suturo:'WritingTool';http://www.ease-crc.org/ont/SUTURO.owl#;;A writing tool is a device used to inscribe characters onto a surface, such as paper or digital media, and can include pens, pencils, markers, styluses, and digital pens.
